{"cameraMode":{"drawMode":0,"name":"Shaded","section":"Shading Mode"},"sceneLighting":false,"audioPlay":false,"sceneViewState":{"showFog":true,"showMaterialUpdate":false,"showSkybox":false,"showFlares":true,"showImageEffects":true,"showParticleSystems":true},"in2DMode":false,"pivot":{"x":-0.10305321216583252,"y":0.01269376277923584,"z":0.009258389472961426},"rotation":{"x":-0.19844821095466615,"y":-0.01852589286863804,"z":0.003749589202925563,"w":-0.9799349308013916},"size":1.7660253047943116,"orthographic":false}