{"cameraMode":{"drawMode":0,"name":"Shaded","section":"Shading Mode"},"sceneLighting":true,"audioPlay":false,"sceneViewState":{"showFog":true,"showMaterialUpdate":false,"showSkybox":true,"showFlares":true,"showImageEffects":true,"showParticleSystems":true},"in2DMode":false,"pivot":{"x":2.1511576175689699,"y":8.654242515563965,"z":0.22531914710998536},"rotation":{"x":0.0719379112124443,"y":-7.726472972535703e-8,"z":9.608420725726319e-8,"w":0.9974099397659302},"size":11.766561508178711,"orthographic":false}